Event ID,Event time,User name,Event name,Resource type,Resources,AWS access key,AWS region,Error code,Source IP address
287a94bf-f38e-4310-a317-edeaa76e923b,"2020-06-21, 12:19:44 AM",CloudTrail,PutEventSelectors,CloudTrail Trail,"[{""resourceType"":""AWS::CloudTrail::Trail"",""resourceName"":""Udacity_Trail""},{""resourceType"":""AWS::CloudTrail::Trail"",""resourceName"":""arn:aws:cloudtrail:us-east-1:504716675564:trail/Udacity_Trail""}]",,us-east-1,,65.95.43.103
5fc6d873-eea7-48af-ae84-2d40a7e07c39,"2020-06-21, 12:19:44 AM",CloudTrail,PutBucketPolicy,S3 Bucket,"[{""resourceType"":""AWS::S3::Bucket"",""resourceName"":""pascalocloudtrail""}]",,us-east-1,,65.95.43.103
69897bce-e5c0-41e4-acdf-0ede70ac2964,"2020-06-21, 12:19:44 AM",CloudTrail,StartLogging,CloudTrail Trail,"[{""resourceType"":""AWS::CloudTrail::Trail"",""resourceName"":""Udacity_Trail""}]",,us-east-1,,65.95.43.103
769df97b-59ce-4512-bca8-69af24757381,"2020-06-21, 12:19:44 AM",CloudTrail,CreateBucket,S3 Bucket,"[{""resourceType"":""AWS::S3::Bucket"",""resourceName"":""pascalocloudtrail""}]",,us-east-1,,65.95.43.103
acaabf34-6f36-47ab-950b-f3a2fc4969b7,"2020-06-21, 12:19:44 AM",CloudTrail,CreateTrail,CloudTrail Trail and 1 more,"[{""resourceType"":""AWS::CloudTrail::Trail"",""resourceName"":""Udacity_Trail""},{""resourceType"":""AWS::CloudTrail::Trail"",""resourceName"":""arn:aws:cloudtrail:us-east-1:504716675564:trail/Udacity_Trail""},{""resourceType"":""AWS::S3::Bucket"",""resourceName"":""pascalocloudtrail""}]",,us-east-1,,65.95.43.103
71cf0505-3cdd-4ff2-aa65-c63d63d6e1e4,"2020-06-21, 12:12:57 AM",CloudTrail,ConsoleLogin,,,,us-east-1,,65.95.43.103
b55d5b7d-1ee0-4127-b957-cf9788d7fdac,"2020-06-21, 12:11:59 AM",Accountant,ConsoleLogin,,,,us-east-1,,65.95.43.103
fe71fae2-b6a0-4696-b586-f9e469b0a00f,"2020-06-21, 12:11:02 AM",Accountant,ChangePassword,,,,us-east-1,,AWS Internal
ad254de1-5a28-4d77-b597-f4a23b5ec94a,"2020-06-21, 12:10:42 AM",Accountant,ConsoleLogin,,,,us-east-1,,65.95.43.103
5c7f5c8d-87ed-426d-a6fd-51651cb1cf06,"2020-06-21, 12:09:38 AM",CloudTrail,ConsoleLogin,,,,us-east-1,,65.95.43.103
3b7e2f50-f7fe-4057-9a63-d17c27a71a1e,"2020-06-21, 12:08:30 AM",CloudTrail,ChangePassword,,,,us-east-1,,AWS Internal
63fac20b-ee1d-4360-9161-71334bb3f78f,"2020-06-21, 12:08:02 AM",CloudTrail,ConsoleLogin,,,,us-east-1,,65.95.43.103
d11d4704-f759-4131-b939-409a0cc6d4d8,"2020-06-21, 12:06:37 AM",root,CreateAccessKey,IAM AccessKey and 1 more,"[{""resourceType"":""AWS::IAM::AccessKey"",""resourceName"":""AKIAXLA3VJHWFYBPAEPU""},{""resourceType"":""AWS::IAM::User"",""resourceName"":""Accountant""}]",,us-east-1,,65.95.43.103
e7e98f6a-c41f-4a89-8098-dc04f4dbf233,"2020-06-21, 12:06:37 AM",root,CreateLoginProfile,IAM User,"[{""resourceType"":""AWS::IAM::User"",""resourceName"":""Accountant""}]",,us-east-1,,65.95.43.103
5b51d0df-603a-482e-b451-c75b05c96728,"2020-06-21, 12:06:36 AM",root,AttachUserPolicy,IAM User and 1 more,"[{""resourceType"":""AWS::IAM::User"",""resourceName"":""Accountant""},{""resourceType"":""AWS::IAM::Policy"",""resourceName"":""arn:aws:iam::aws:policy/IAMUserChangePassword""}]",,us-east-1,,65.95.43.103
ccba9427-1fa2-489a-b19f-4c92ce317a5f,"2020-06-21, 12:06:36 AM",root,AddUserToGroup,IAM User and 1 more,"[{""resourceType"":""AWS::IAM::User"",""resourceName"":""Accountant""},{""resourceType"":""AWS::IAM::Group"",""resourceName"":""Reviewers""}]",,us-east-1,,65.95.43.103
cadab1ad-0f46-4c96-b1c8-d6f53f3dc215,"2020-06-21, 12:06:35 AM",root,CreateUser,IAM User,"[{""resourceType"":""AWS::IAM::User"",""resourceName"":""arn:aws:iam::504716675564:user/Accountant""},{""resourceType"":""AWS::IAM::User"",""resourceName"":""Accountant""},{""resourceType"":""AWS::IAM::User"",""resourceName"":""AIDAXLA3VJHWEAQE76ENM""}]",,us-east-1,,65.95.43.103
1b4edbf1-df20-43b8-8edb-473d1deb4ace,"2020-06-21, 12:05:52 AM",root,CreateAccessKey,IAM AccessKey and 1 more,"[{""resourceType"":""AWS::IAM::AccessKey"",""resourceName"":""AKIAXLA3VJHWM2DAV6G6""},{""resourceType"":""AWS::IAM::User"",""resourceName"":""CloudTrail""}]",,us-east-1,,65.95.43.103
47d173bb-2800-427c-865f-3fd1ac4477e5,"2020-06-21, 12:05:52 AM",root,CreateLoginProfile,IAM User,"[{""resourceType"":""AWS::IAM::User"",""resourceName"":""CloudTrail""}]",,us-east-1,,65.95.43.103
38797e65-98be-4e44-a374-c87a0fea53fb,"2020-06-21, 12:05:51 AM",root,AttachUserPolicy,IAM User and 1 more,"[{""resourceType"":""AWS::IAM::User"",""resourceName"":""CloudTrail""},{""resourceType"":""AWS::IAM::Policy"",""resourceName"":""arn:aws:iam::aws:policy/IAMUserChangePassword""}]",,us-east-1,,65.95.43.103
5751ab03-b957-4fdb-9a71-4ac9c86bdbfc,"2020-06-21, 12:05:51 AM",root,CreateUser,IAM User,"[{""resourceType"":""AWS::IAM::User"",""resourceName"":""CloudTrail""},{""resourceType"":""AWS::IAM::User"",""resourceName"":""arn:aws:iam::504716675564:user/CloudTrail""},{""resourceType"":""AWS::IAM::User"",""resourceName"":""AIDAXLA3VJHWMC7XMSDII""}]",,us-east-1,,65.95.43.103
c2c6c81f-00fa-487b-a7ab-2d047e4ae78e,"2020-06-21, 12:05:51 AM",root,AddUserToGroup,IAM User and 1 more,"[{""resourceType"":""AWS::IAM::User"",""resourceName"":""CloudTrail""},{""resourceType"":""AWS::IAM::Group"",""resourceName"":""CloudTrailAdmins""}]",,us-east-1,,65.95.43.103
33890ac2-b778-472f-a2dd-0f4a126f395b,"2020-06-21, 12:03:12 AM",root,CreateGroup,IAM Group,"[{""resourceType"":""AWS::IAM::Group"",""resourceName"":""arn:aws:iam::504716675564:group/Reviewers""},{""resourceType"":""AWS::IAM::Group"",""resourceName"":""Reviewers""},{""resourceType"":""AWS::IAM::Group"",""resourceName"":""AGPAXLA3VJHWDJ6K7HJT7""}]",,us-east-1,,65.95.43.103
fe1fa25c-42ff-4bb8-94b8-24f285ec2e26,"2020-06-21, 12:03:12 AM",root,AttachGroupPolicy,IAM Policy and 1 more,"[{""resourceType"":""AWS::IAM::Policy"",""resourceName"":""arn:aws:iam::aws:policy/job-function/Billing""},{""resourceType"":""AWS::IAM::Group"",""resourceName"":""Reviewers""}]",,us-east-1,,65.95.43.103
a974913e-18fc-47fa-bbeb-2f3d3a578c6d,"2020-06-21, 12:01:42 AM",root,AttachGroupPolicy,IAM Policy and 1 more,"[{""resourceType"":""AWS::IAM::Policy"",""resourceName"":""arn:aws:iam::aws:policy/AWSCloudTrailReadOnlyAccess""},{""resourceType"":""AWS::IAM::Group"",""resourceName"":""CloudTrailAdmins""}]",,us-east-1,,65.95.43.103
3835b9fd-47c4-4e46-8a25-817e6c3ae4cc,"2020-06-21, 12:01:41 AM",root,AttachGroupPolicy,IAM Policy and 1 more,"[{""resourceType"":""AWS::IAM::Policy"",""resourceName"":""arn:aws:iam::aws:policy/AWSCloudTrailFullAccess""},{""resourceType"":""AWS::IAM::Group"",""resourceName"":""CloudTrailAdmins""}]",,us-east-1,,65.95.43.103
af368101-4a7a-4b46-b008-c2a4a9fc34f7,"2020-06-21, 12:01:41 AM",root,CreateGroup,IAM Group,"[{""resourceType"":""AWS::IAM::Group"",""resourceName"":""CloudTrailAdmins""},{""resourceType"":""AWS::IAM::Group"",""resourceName"":""AGPAXLA3VJHWFFVA4OLKM""},{""resourceType"":""AWS::IAM::Group"",""resourceName"":""arn:aws:iam::504716675564:group/CloudTrailAdmins""}]",,us-east-1,,65.95.43.103
0f66eb6c-a505-4102-8091-aa0322fdf230,"2020-06-20, 11:58:48 PM",root,UpdateAccountPasswordPolicy,,,,us-east-1,,65.95.43.103
